name, group
Andreas Johnson,1
Peter Kvint,1
Aleena Gibson,1
Fredrik Kempe,0
David Kreuger,1
Figge Boström,1
Thomas G:son,0
Ted Ström,1
Peter Boström,0
Anton Malmberg Hård af Segerstad,1
Bobby Ljunggren,0
Marcos Ubeda,1
Oscar Görres,1
Tony Nilsson,1
Lars "Dille" Diedricson,1
Thomas "Plec" Johansson,1
Alexander Jonsson,1
Pontus Assarsson,1
Jörgen Ringqvist,1
Daniel Barkman,1
Danny Saucedo,1
Fredrik Thomander,1
Kent Olsson,1
Henrik Wikström,0
Joakim Udd,1
Sarah Dawn Finer,1
Alexander Bard,1
Måns Zelmerlöw,1
Kristian Lagerström,1
Ulrik Munther,1
Sonja Aldén,1
Susie Päivärinta,1
Ingela "Pling" Forsman,0
Nanne Grönvall,1
Peter Grönvall,1
Niklas Edberger,0
Johan Fransson,0
Tim Larsson,0
Tobias Lundgren,0
Annelie Martin,1
Martin Blix,1
Shirley Clamp,1
Robert Olausson,1
Calle Kindbom,1
Daniel Wahlgren,1
Anders Hansson,1
Magnus Rongedal,1
Henrik Rongedal,1
Lotta Ahlin,1
Tommy Lydell,1
Anna-Lena Högdahl,1
Karl-Ola Kjellholm,1
Nina Karolidou,1
Dimitri Stassos,1
Irini Michas,1
Dan Sundqvist,1
Jimmy Jansson,1
Regina Lund,1
Anne-Lie Rydé,1
Per Lund,1
Urban Robertsson,1
Andreas Öhrn,1
Martin Stenmarck,1
Julimar J-Son Santos,1
Hamed K-One Pirouzpanah,1
Nestor Geli,1
Sandra Dahlberg,1
Carola Häggkvist,1
Jonas Lundblad,1
Josef Johansson,1
Peo Thyrén,1
Ellinore Holmer,1
Vanna Rosenberg,1
Åsa Schmalenbach,1
Josefina Sanner,1
Amir Aly,1
Tony Johansson,1
Henrik Sethsson,1
Andreas Rickstrand,1
Martin Rolinski,1
Robin Abrahamsson,1
Tobbe Petterssen,1
Malena Ernman,1
Pär Lönn,1
Maciel Numhauser,1
Oscar Holter,1
Henrik Göranson,1
Yohio,1
Erik Bernholm,1
Ingela Pling Forsman,1
Sharon Vaughn,1
Anna Sahlene,1
Martin Hedström,1
Mats Tärnfors,1
Per QX,1
Jean-Pierre Barda,1
Johan Alkenäs,1
Maria Haukaas Mittet,1
Suzzie Tapper,1
Torgny Söderberg,1
Magnus Johansson,1
Anders Wikström,1
